date,price,volume
2024-08-27,0.0546099990606308,26659924
2024-08-28,0.05369500070810318,27506440
2024-08-29,0.05612599849700928,25898076
2024-08-30,0.05412599816918373,31459482
2024-08-31,0.05295899882912636,16002154
2024-09-01,0.05017000064253807,21624351
2024-09-02,0.05244499817490578,20502506
2024-09-03,0.05030899867415428,16858188
2024-09-04,0.05169599875807762,22808973
2024-09-05,0.04980900138616562,18165990
2024-09-06,0.04861300066113472,25671608
2024-09-07,0.05010399967432022,17218561
2024-09-08,0.051757000386714935,15938816
2024-09-09,0.0530799999833107,21000664
2024-09-10,0.05317100137472153,17783507
2024-09-11,0.05216199904680252,24317924
2024-09-12,0.05306499823927879,19486875
2024-09-13,0.05406399816274643,21871622
2024-09-14,0.053644999861717224,15409075
2024-09-15,0.05197500064969063,17113585
2024-09-16,0.05108100175857544,20748508
2024-09-17,0.05204299837350845,19274245
2024-09-18,0.05368899926543236,24253796
2024-09-19,0.05556099861860275,28419927
2024-09-20,0.057121001183986664,26426791
2024-09-21,0.059585001319646835,27184108
2024-09-22,0.05758500099182129,24182035
2024-09-23,0.06114700064063072,60827742
2024-09-24,0.06174600124359131,31803082
2024-09-25,0.06646200269460678,172178311
2024-09-26,0.06916999816894531,100073652
2024-09-27,0.06954599916934967,59415925
2024-09-28,0.06877099722623825,37883176
2024-09-29,0.06906300038099289,41483061
2024-09-30,0.06559500098228455,38894788
2024-10-01,0.06042499840259552,59926937
2024-10-02,0.059147000312805176,39589050
2024-10-03,0.0588809996843338,34753116
2024-10-04,0.06186100095510483,26703458
2024-10-05,0.0624070018529892,30623066
2024-10-06,0.06371399760246277,22684871
2024-10-07,0.06825199723243713,54662294
2024-10-08,0.06569699943065643,89971760
2024-10-09,0.07079199701547623,322714123
2024-10-10,0.06905099749565125,252641010
2024-10-11,0.06992299854755402,129684756
2024-10-12,0.06977800279855728,80524566
2024-10-13,0.07520700246095657,224988499
2024-10-14,0.0769139975309372,118658979
2024-10-15,0.08219499886035919,221805575
2024-10-16,0.07658500224351883,101808765
2024-10-17,0.07565700262784958,99716232
2024-10-18,0.0760049968957901,51675717
2024-10-19,0.07428299635648727,42536391
2024-10-20,0.07434900104999542,50795637
2024-10-21,0.0720679983496666,61372061
2024-10-22,0.07204599678516388,71089987
2024-10-23,0.06868500262498856,58316284
2024-10-24,0.06764700263738632,55575562
2024-10-25,0.06130300089716911,58811474
2024-10-26,0.06179400160908699,37610667
2024-10-27,0.06186499819159508,32223225
2024-10-28,0.06258899718523026,74658613
2024-10-29,0.06321199983358383,89422288
2024-10-30,0.063059002161026,71841756
2024-10-31,0.059007998555898666,49654800
2024-11-01,0.05890300124883652,48495921
2024-11-02,0.05804400146007538,29721193
2024-11-03,0.05538100004196167,43689145
2024-11-04,0.05422300100326538,61441669
2024-11-05,0.05713900178670883,43997549
2024-11-06,0.06185799837112427,71379775
2024-11-07,0.06250199675559998,57528405
2024-11-08,0.06188800185918808,50736092
2024-11-09,0.06396500021219254,46197201
2024-11-10,0.06691399961709976,123268041
2024-11-11,0.0717649981379509,202665909
2024-11-12,0.06813400238752365,230063495
2024-11-13,0.06487800180912018,170302944
2024-11-14,0.06268200278282166,121342786
2024-11-15,0.06711400300264359,127300862
2024-11-16,0.07516700029373169,176546737
2024-11-17,0.06916599720716476,119502563
2024-11-18,0.07939200103282928,383637153
2024-11-19,0.07595200091600418,280769132
2024-11-20,0.07159899920225143,126280971
2024-11-21,0.07475800067186356,128437605
2024-11-22,0.07869700342416763,156933734
2024-11-23,0.08694300055503845,290798498
2024-11-24,0.09724999964237213,496996077
2024-11-25,0.0908769965171814,245588449
2024-11-26,0.09027300029993057,243134553
2024-11-27,0.09359300136566162,171674419
2024-11-28,0.09423299878835678,151286689
2024-11-29,0.10255400091409683,195344771
2024-11-30,0.10342899709939957,188481181
2024-12-01,0.1063150018453598,239391286
2024-12-02,0.11465699970722198,323312758
2024-12-03,0.12216900289058685,543838843
2024-12-04,0.1322450041770935,565479892
2024-12-05,0.13122999668121338,485707066
2024-12-06,0.1308249980211258,266425935
2024-12-07,0.12912200391292572,188958264
2024-12-08,0.1316639930009842,267742309
2024-12-09,0.10662200301885605,336246497
2024-12-10,0.1021760031580925,254759596
2024-12-11,0.11972499638795853,235213864
2024-12-12,0.11729100346565247,226948964
2024-12-13,0.11718200147151947,167388350
2024-12-14,0.11032100021839142,136406860
2024-12-15,0.11263900250196457,116195756
2024-12-16,0.10854300111532211,143769180
2024-12-17,0.10322000086307526,124609844
2024-12-18,0.0937340036034584,163111919
2024-12-19,0.08614599704742432,185045287
2024-12-20,0.0892459973692894,181156074
2024-12-21,0.08341600000858307,133591734
2024-12-22,0.08413799852132797,101572960
2024-12-23,0.09026999771595001,110195801
2024-12-24,0.09444300085306168,236485264
2024-12-25,0.09211000055074692,91910779
2024-12-26,0.08543100208044052,82308472
2024-12-27,0.08528099954128265,90041652
2024-12-28,0.08876799792051315,67765080
2024-12-29,0.0838330015540123,72299735
2024-12-30,0.08402100205421448,107494289
2024-12-31,0.08177900314331055,73996952
2025-01-01,0.08606400340795517,79965735
2025-01-02,0.08777300268411636,93279472
2025-01-03,0.09318999946117401,100916308
2025-01-04,0.0920260027050972,101798978
2025-01-05,0.09252499788999557,93450917
2025-01-06,0.09523499757051468,146470926
2025-01-07,0.0847729966044426,121886770
2025-01-08,0.08247999846935272,132553166
2025-01-09,0.08257299661636353,144047414
2025-01-10,0.08385200053453445,107196484
2025-01-11,0.08344899863004684,93934070
2025-01-12,0.08104199916124344,85755434
2025-01-13,0.07886900007724762,102402210
2025-01-14,0.08117599785327911,49361107
2025-01-15,0.08704599738121033,65737361
2025-01-16,0.08498899638652802,71156396
2025-01-17,0.08984500169754028,80711379
2025-01-18,0.0833050012588501,72375861
2025-01-19,0.07580000162124634,112553860
2025-01-20,0.07651299983263016,122396340
2025-01-21,0.07786399871110916,74046200
2025-01-22,0.07610099762678146,43098600
2025-01-23,0.07559199631214142,59920289
2025-01-24,0.07299099862575531,50473009
2025-01-25,0.07379599660634995,38412815
2025-01-26,0.0721300020813942,37235564
2025-01-27,0.06977300345897675,83779014
2025-01-28,0.06404300034046173,49757857
2025-01-29,0.06544400006532669,58072420
2025-01-30,0.07249200344085693,68474671
2025-01-31,0.07181499898433685,65026521
2025-02-01,0.06641700118780136,63760081
2025-02-02,0.05770599842071533,121108226
2025-02-03,0.06249399855732918,206904536
2025-02-04,0.05827200040221214,102909919
2025-02-05,0.05639300122857094,63327743
2025-02-06,0.05410100147128105,66663060
2025-02-07,0.05527200177311897,68888356
2025-02-08,0.05808499827980995,55611257
2025-02-09,0.058093998581171036,68315096
2025-02-10,0.059457000344991684,70852377
2025-02-11,0.05814800038933754,66476541
2025-02-12,0.06408599764108658,93674953
2025-02-13,0.06078699976205826,55443834
2025-02-14,0.06185999885201454,91035999
2025-02-15,0.058970000594854355,45283509
2025-02-16,0.05973000079393387,56748751
2025-02-17,0.060162998735904694,61316898
2025-02-18,0.05544599890708923,74555833
2025-02-19,0.05420000106096268,88809232
2025-02-20,0.05431799963116646,90811919
2025-02-21,0.05110200121998787,126420222
2025-02-22,0.052678000181913376,57155961
2025-02-23,0.052163999527692795,59771621
2025-02-24,0.047641001641750336,95308509
2025-02-25,0.04977500066161156,105308782
2025-02-26,0.05026699975132942,65899560
2025-02-27,0.0507499985396862,67466966
2025-02-28,0.05104000121355057,93015559
2025-03-01,0.050179000943899155,54880920
2025-03-02,0.05354100093245506,96095667
2025-03-03,0.04662099853157997,117152806
2025-03-04,0.047846000641584396,106970630
2025-03-05,0.048948999494314194,58569213
2025-03-06,0.04785500094294548,68650394
2025-03-07,0.04887299984693527,109264668
2025-03-08,0.04745300114154816,61160623
2025-03-09,0.0432870015501976,62924712
2025-03-10,0.04106999933719635,57703889
2025-03-11,0.0431549996137619,80070020
2025-03-12,0.0439240001142025,82937523
2025-03-13,0.04255500063300133,52766928
2025-03-14,0.04378899931907654,63133316
2025-03-15,0.0467349998652935,73193373
2025-03-16,0.0440329983830452,54916244
2025-03-17,0.04564400017261505,38168701
2025-03-18,0.045673999935388565,45997920
2025-03-19,0.046737998723983765,65387548
2025-03-20,0.0451899990439415,35864795
2025-03-21,0.044877998530864716,42919714
2025-03-22,0.04567699879407883,32915574
2025-03-23,0.04545599967241287,40441972
2025-03-24,0.04770699888467789,48262525
2025-03-25,0.04826899990439415,43278194
2025-03-26,0.047637999057769775,46464710
2025-03-27,0.04741600155830383,70146706
2025-03-28,0.04354500025510788,60908991
2025-03-29,0.04180299863219261,26127700
2025-03-30,0.042006999254226685,20882812
2025-03-31,0.042068000882864,31679950
2025-04-01,0.043664999306201935,58218069
2025-04-02,0.04025899991393089,59662651
2025-04-03,0.04094000160694122,37555345
2025-04-04,0.04201199859380722,49273944
2025-04-05,0.04154499992728233,22479485
2025-04-06,0.037882000207901,34151815
2025-04-07,0.03857100009918213,74361205
2025-04-08,0.035815998911857605,52725748
2025-04-09,0.03918199986219406,63195765
2025-04-10,0.03824099898338318,59463910
2025-04-11,0.03884899988770485,48686316
2025-04-12,0.040174998342990875,55380135
2025-04-13,0.03729100152850151,54893312
2025-04-14,0.037133000791072845,52597688
2025-04-15,0.03604400157928467,68709280
2025-04-16,0.03544199839234352,95543420
2025-04-17,0.035339001566171646,37488650
2025-04-18,0.03660399839282036,72031023
2025-04-19,0.037687998265028,55230713
2025-04-20,0.037654001265764236,39934965
2025-04-21,0.03743299841880798,52445711
2025-04-22,0.0405460000038147,68646261
2025-04-23,0.04117099940776825,74844672
2025-04-24,0.041471999138593674,55632994
2025-04-25,0.04228900000452995,62015200
2025-04-26,0.04295099899172783,66916394
2025-04-27,0.041058000177145004,26263808
2025-04-28,0.04235700145363808,31536758
2025-04-29,0.040775999426841736,43190630
2025-04-30,0.041189998388290405,33175176
2025-05-01,0.04260699823498726,26410935
2025-05-02,0.04249599948525429,25213478
2025-05-03,0.04041700065135956,26303647
2025-05-04,0.039115000516176224,40933456
2025-05-05,0.039368998259305954,53751716
2025-05-06,0.03887199983000755,42225159
2025-05-07,0.039305999875068665,49252022
2025-05-08,0.044105999171733856,54481311
2025-05-09,0.04618699848651886,66588293
2025-05-10,0.04942400008440018,84167693
2025-05-11,0.048037998378276825,58361087
2025-05-12,0.04867200180888176,62407340
2025-05-13,0.04977799952030182,63530581
2025-05-14,0.047857001423835754,53679349
2025-05-15,0.04460199922323227,70759189
2025-05-16,0.0442969985306263,35842728
2025-05-17,0.04258299991488457,31725826
2025-05-18,0.04516400024294853,34930183
2025-05-19,0.04372800141572952,61570901
2025-05-20,0.04429899901151657,53492634
2025-05-21,0.0453450009226799,54360451
2025-05-22,0.047120001167058945,53689334
2025-05-23,0.04372499883174896,56566405
2025-05-24,0.04344499856233597,30910715
2025-05-25,0.04364800080657005,32844345
2025-05-26,0.0433569997549057,30693027
2025-05-27,0.04404199868440628,26444827
2025-05-28,0.04403899982571602,37641253
2025-05-29,0.04236200079321861,31267044
2025-05-30,0.03825100138783455,60169139
2025-05-31,0.03898800164461136,34063388
2025-06-01,0.03956200182437897,19068736
2025-06-02,0.04026700183749199,32738052
2025-06-03,0.03993700072169304,34487901
2025-06-04,0.03903599828481674,28108617
2025-06-05,0.03683000057935715,48618753
2025-06-06,0.03722099959850311,28912894
2025-06-07,0.038086000829935074,33599686
2025-06-08,0.03813000023365021,21268404
2025-06-09,0.03951900079846382,46725964
2025-06-10,0.04057199880480766,57372868
2025-06-11,0.03933100029826164,33070965
2025-06-12,0.03734999895095825,41233349
2025-06-13,0.03655000030994415,47416263
2025-06-14,0.03636699914932251,17890160
2025-06-15,0.03626900166273117,17206023
2025-06-16,0.03671500086784363,25128364
2025-06-17,0.0352960005402565,33059303
2025-06-18,0.03527899831533432,24613637
2025-06-19,0.03513199836015701,15938712
2025-06-20,0.03437099978327751,20717585
2025-06-21,0.03282099962234497,52158487
2025-06-22,0.032221000641584396,39805297
2025-06-23,0.03516700118780136,43338044
2025-06-24,0.03564000129699707,22337455
2025-06-25,0.03578300029039383,28682969
2025-06-26,0.03405800089240074,55235912
2025-06-27,0.03465399891138077,33623408
2025-06-28,0.03533799946308136,13238155
2025-06-29,0.03661699965596199,36596752
2025-06-30,0.03521399945020676,21978405
2025-07-01,0.03389099985361099,25024097
2025-07-02,0.03648100048303604,30798138
2025-07-03,0.03663799911737442,29165912
2025-07-04,0.03490699827671051,51807631
2025-07-05,0.03508500009775162,25292271
2025-07-06,0.035721998661756516,26486947
2025-07-07,0.035165999084711075,29146527
2025-07-08,0.03583800047636032,16184504
2025-07-09,0.03777100145816803,41764507
2025-07-10,0.039900001138448715,64203545
2025-07-11,0.03991999849677086,39505453
2025-07-12,0.039806999266147614,52376954
2025-07-13,0.04075400158762932,25873313
2025-07-14,0.040323998779058456,58696165
2025-07-15,0.04131000116467476,33108907
2025-07-16,0.04213999956846237,37735734
2025-07-17,0.04265600070357323,42516372
2025-07-18,0.04242800176143646,52668373
2025-07-19,0.043765000998973846,40256191
2025-07-20,0.04552900046110153,44779981
2025-07-21,0.04632800072431564,65573434
2025-07-22,0.04625000059604645,47117677
2025-07-23,0.04219700023531914,48207174
2025-07-24,0.041512999683618546,42309259
2025-07-25,0.04231899976730347,45050203
2025-07-26,0.04247799888253212,36246596
2025-07-27,0.044266000390052795,51079027
2025-07-28,0.041145000606775284,88302167
2025-07-29,0.04123200103640556,54162342
2025-07-30,0.04059600085020065,45095272
2025-07-31,0.03868800029158592,58482348
2025-08-01,0.03783800080418587,61635116
2025-08-02,0.03710699826478958,28099146
2025-08-03,0.0382779985666275,33143108
2025-08-04,0.03997400030493736,26750695
2025-08-05,0.03865300118923187,36453117
2025-08-06,0.039455998688936234,31025933
2025-08-07,0.040839001536369324,26070236
2025-08-08,0.04226600006222725,54480478
2025-08-09,0.043366000056266785,40905211
2025-08-10,0.04307100176811218,36926186
2025-08-11,0.04097599908709526,47086308
2025-08-12,0.043133001774549484,50685536
2025-08-13,0.044447001069784164,56888642
2025-08-14,0.04021000117063522,57825450
2025-08-15,0.040042001754045486,49465613
2025-08-16,0.041717998683452606,30306546
2025-08-17,0.041335999965667725,27636345
2025-08-18,0.039962999522686005,40814701
2025-08-19,0.038711998611688614,36246772
2025-08-20,0.04025299847126007,24072281
2025-08-21,0.03951900079846382,35146677
2025-08-22,0.04249100014567375,47626505
2025-08-23,0.041696999222040176,36447108
2025-08-24,0.040755998343229294,37368009
2025-08-25,0.03828899934887886,62162808
2025-08-26,0.03966299816966057,26219804
2025-08-27,0.039358001202344894,22578268
2025-08-28,0.040973000228405,24521709
2025-08-29,0.039069999009370804,39118578
2025-08-30,0.03946499899029732,24814886
2025-08-31,0.03994999825954437,53897226
2025-09-01,0.03878900036215782,34889575
2025-09-02,0.03931400179862976,23007198
2025-09-03,0.03973500058054924,19848749
2025-09-04,0.038683999329805374,23271040
2025-09-05,0.039517998695373535,31230483
2025-09-06,0.039055999368429184,12047627
2025-09-07,0.04004799947142601,19026920
2025-09-08,0.04162300005555153,63205479
2025-09-09,0.042236000299453735,74535727
2025-09-10,0.042118001729249954,39750442
2025-09-11,0.042357999831438065,44125967
2025-09-12,0.04349600151181221,73822496
2025-09-13,0.04409400001168251,62264281
2025-09-14,0.042236000299453735,27873247
2025-09-15,0.040814999490976334,54587572
2025-09-16,0.041774000972509384,37605955
2025-09-17,0.04294399917125702,32777705
2025-09-18,0.04365599900484085,41633482
2025-09-19,0.04190199822187424,44134362
2025-09-20,0.04242200031876564,29873701
2025-09-21,0.042017001658678055,33666926
2025-09-22,0.03928399831056595,48076549
2025-09-23,0.039625998586416245,71871185
2025-09-24,0.03986100107431412,80057900
2025-09-25,0.038040999323129654,46975401
2025-09-26,0.03964399918913841,35446800
2025-09-27,0.03897000104188919,33374009
2025-09-28,0.04001900181174278,21193070
2025-09-29,0.04000699892640114,30197546
2025-09-30,0.04032700136303902,55660484
2025-10-01,0.044537998735904694,123653447
2025-10-02,0.04568500071763992,92582378
2025-10-03,0.04542199894785881,80339771
2025-10-04,0.04428600147366524,48545044
2025-10-05,0.04365500062704086,34085150
2025-10-06,0.04430399835109711,45148791
2025-10-07,0.041742999106645584,41329657
2025-10-08,0.04253000020980835,70976433
2025-10-09,0.04142399877309799,51251899
2025-10-10,0.03082999959588051,140735303
2025-10-11,0.03174800053238869,99907527
2025-10-12,0.035064999014139175,32657769
2025-10-13,0.03671399876475334,61083546
2025-10-14,0.03577199950814247,109893673
2025-10-15,0.03447100147604942,85556045
2025-10-16,0.033341001719236374,48894377
2025-10-17,0.03279399871826172,41497076
2025-10-18,0.03265099972486496,36421457
2025-10-19,0.03305400162935257,18836781
2025-10-20,0.033254001289606094,24670105
2025-10-21,0.03200000151991844,37233010
2025-10-22,0.03153499960899353,35122604
2025-10-23,0.03194800019264221,17475867
2025-10-24,0.03255699947476387,34733040
2025-10-25,0.03260599821805954,19518205
2025-10-26,0.03343899920582771,17561970
2025-10-27,0.03266799822449684,28398270
2025-10-28,0.03197599947452545,29880878
2025-10-29,0.032010000199079514,29749536
2025-10-30,0.030609000474214554,54183565
2025-10-31,0.030851000919938087,51387844
2025-11-01,0.03147999942302704,22640295
2025-11-02,0.03194599971175194,19454541
2025-11-03,0.028766000643372536,33807498
2025-11-04,0.028077000752091408,45932487
2025-11-05,0.029286999255418777,41943268
2025-11-06,0.02970300056040287,43794386
2025-11-07,0.03445500135421753,75083805
2025-11-08,0.034205999225378036,60531110
2025-11-09,0.033941999077796936,25963320
2025-11-10,0.034265998750925064,27020847
2025-11-11,0.03268999978899956,24590244
2025-11-12,0.032423000782728195,40762162
2025-11-13,0.03176699951291084,29660876
2025-11-14,0.03097599931061268,61547177
2025-11-15,0.03145499899983406,35507878
2025-11-16,0.030625000596046448,29072947
2025-11-17,0.030061999335885048,28754204
2025-11-18,0.03088800050318241,40297832
2025-11-19,0.029738999903202057,54938764
2025-11-20,0.02849300019443035,44873285
2025-11-21,0.027842000126838684,60043468
2025-11-22,0.027914000675082207,48226083
2025-11-23,0.027790000662207603,30292096
2025-11-24,0.028821999207139015,52461402
2025-11-25,0.029260000213980675,25482098
2025-11-26,0.029241999611258507,22791336
2025-11-27,0.02941799908876419,21029311
2025-11-28,0.030547000467777252,68880040
2025-11-29,0.03070800006389618,58279832
2025-11-30,0.030239000916481018,34579990
2025-12-01,0.028728000819683075,43111572
2025-12-02,0.03023199923336506,28932964
2025-12-03,0.031012000516057014,25834026
2025-12-04,0.03020399995148182,24032569
2025-12-05,0.029634999111294746,50598604
2025-12-06,0.03184499964118004,86275957
2025-12-07,0.03075299970805645,58889189
2025-12-08,0.03172900155186653,48527897
2025-12-09,0.033080000430345535,82501150
2025-12-10,0.032294999808073044,32281364
2025-12-11,0.03313500061631203,81831405
2025-12-12,0.033541999757289886,78021433
2025-12-13,0.03354800119996071,45657431
2025-12-14,0.032092999666929245,36331502
2025-12-15,0.03065199963748455,40162152
2025-12-16,0.030392000451683998,31752245
2025-12-17,0.029107000678777695,29154796
2025-12-18,0.028734000399708748,42282441
2025-12-19,0.0358709990978241,178923208
2025-12-20,0.03681199997663498,192077643
2025-12-21,0.03618500009179115,131811608
2025-12-22,0.03596099838614464,85058921
2025-12-23,0.03455200046300888,55445943
2025-12-24,0.03489299863576889,62111937
2025-12-25,0.03391699865460396,41250684
2025-12-26,0.036285001784563065,69640886
2025-12-27,0.03644600138068199,39236060
2025-12-28,0.03623500093817711,59620233
2025-12-29,0.03696700185537338,88433829
2025-12-30,0.03972499817609787,65103824
2025-12-31,0.04225600138306618,292977562
2026-01-01,0.04109499976038933,80659530
2026-01-02,0.043832000344991684,190497199
2026-01-03,0.045552998781204224,103035004
2026-01-04,0.04462900012731552,61980655
2026-01-05,0.04567699879407883,82933952
2026-01-06,0.04409800097346306,97647568
2026-01-07,0.043313998728990555,56611143
2026-01-08,0.04431299865245819,92623891
2026-01-09,0.04473000019788742,50268049
2026-01-10,0.05043800175189972,144786276
2026-01-11,0.048618998378515244,123036686
2026-01-12,0.05039500072598457,111110445
2026-01-13,0.05355700105428696,182426681
2026-01-14,0.05582299828529358,156334600
2026-01-15,0.05820000171661377,227761349
2026-01-16,0.05777300149202347,134767576
2026-01-17,0.06208600103855133,173896319
2026-01-18,0.059790998697280884,132155969
2026-01-19,0.057408999651670456,156883169
2026-01-20,0.05141099914908409,135258556
2026-01-21,0.05080899968743324,95653631
2026-01-22,0.05058800056576729,109261195
2026-01-23,0.050585001707077026,93665238
2026-01-24,0.05203099921345711,62601577
2026-01-25,0.049637001007795334,112818798
2026-01-26,0.05446799844503403,81125997
2026-01-27,0.057590000331401825,120166717
2026-01-28,0.056171998381614685,63263244
2026-01-29,0.047221001237630844,161353150
2026-01-30,0.049279000610113144,123120913
2026-01-31,0.0442809984087944,118606857
2026-02-01,0.04606299847364426,119638988
2026-02-02,0.04619099944829941,82912689
2026-02-03,0.0440329983830452,104487022
2026-02-04,0.0443280003964901,84827691
2026-02-05,0.038293998688459396,125426277
2026-02-06,0.0416949987411499,123295028
2026-02-07,0.042927999049425125,71396347
2026-02-08,0.04127100110054016,47070225
2026-02-09,0.040105998516082764,46928453
2026-02-10,0.039709001779556274,43492804
2026-02-11,0.03880700096487999,68526446
2026-02-12,0.040038999170064926,42629865
2026-02-13,0.04193300008773804,65724404
2026-02-14,0.04294300079345703,60546754
2026-02-15,0.04005799815058708,62959079
2026-02-16,0.04168799892067909,40051298
2026-02-17,0.04064600169658661,39588166
2026-02-18,0.039507001638412476,42201296
2026-02-19,0.038502998650074005,42341328
2026-02-20,0.03553200140595436,74634218
2026-02-21,0.03586399927735329,43939071
2026-02-22,0.03484399989247322,57892167
2026-02-23,0.03387900069355965,56910271
2026-02-24,0.03332100063562393,51264375
2026-02-25,0.03520499914884567,65022189
2026-02-26,0.03206900134682655,76125667
2026-02-27,0.03375399857759476,74957688
2026-02-28,0.03461800143122673,80845819
2026-03-01,0.033197999000549316,48292227
2026-03-02,0.03449299931526184,52245497
2026-03-03,0.03672200068831444,91405527
2026-03-04,0.03751099854707718,75472966
2026-03-05,0.037053998559713364,67032954
2026-03-06,0.03641600161790848,52838916
2026-03-07,0.034446001052856445,52622729
2026-03-08,0.036024000495672226,69556615
2026-03-09,0.03846399858593941,78955602
2026-03-10,0.038263000547885895,68618155
2026-03-11,0.03847299888730049,42824648
2026-03-12,0.037314001470804214,40642434
2026-03-13,0.038022998720407486,56249117
2026-03-14,0.03833099827170372,40057438
2026-03-15,0.03770900145173073,38574814
2026-03-16,0.03980899974703789,58873318
2026-03-17,0.0388449989259243,42185751
2026-03-18,0.03638000041246414,57136697
2026-03-19,0.035982999950647354,51873408
2026-03-20,0.03608899936079979,34294630
2026-03-21,0.035030998289585114,28244275
2026-03-22,0.03467100113630295,37864742
2026-03-23,0.03586399927735329,39028454
2026-03-24,0.035964999347925186,28536610
2026-03-25,0.035992998629808426,26506562
2026-03-26,0.0352340005338192,37650668
2026-03-27,0.035597000271081924,58326020
2026-03-28,0.04022800177335739,141340693
2026-03-29,0.040095001459121704,88118388
2026-03-30,0.04258099943399429,135385982
2026-03-31,0.042256999760866165,76178455
2026-04-01,0.04115699976682663,54241411
2026-04-02,0.03882699832320213,57928392
2026-04-03,0.03957299888134003,51746654
2026-04-04,0.03911000117659569,28046899
2026-04-05,0.038777999579906464,38187140
2026-04-06,0.03743400052189827,52550704
2026-04-07,0.03970300033688545,48628009
2026-04-08,0.03771499916911125,44210938
2026-04-09,0.038927000015974045,55105298
2026-04-10,0.0395749993622303,47911382
2026-04-11,0.03937099874019623,40659888
2026-04-12,0.03567599877715111,78504877
2026-04-13,0.03718699887394905,63101940
2026-04-14,0.03646399825811386,45764267
2026-04-15,0.04194200038909912,138122132
2026-04-16,0.04286700114607811,118198176
2026-04-17,0.041471999138593674,65479220
2026-04-18,0.04050099849700928,51956625
2026-04-19,0.04036400094628334,56767725
2026-04-20,0.04671899974346161,186149369
2026-04-21,0.04768599942326546,133205627
2026-04-22,0.04713999852538109,79115118
2026-04-23,0.05016300082206726,105439583
2026-04-24,0.048291001468896866,90319261
2026-04-25,0.04982199892401695,62298446
2026-04-26,0.04986000061035156,62033694
2026-04-27,0.05018699914216995,91782427
2026-04-28,0.045517999678850174,85852647
2026-04-29,0.042445000261068344,107836000
2026-04-30,0.04135600104928017,82394898
2026-05-01,0.04159700125455856,43000377
2026-05-02,0.04154900088906288,46806460
2026-05-03,0.04029199853539467,60462579
2026-05-04,0.039875999093055725,71131376
2026-05-05,0.04132699966430664,83770091
2026-05-06,0.043056000024080276,87525142
2026-05-07,0.04413599893450737,73931479
2026-05-08,0.0451119989156723,107315767
2026-05-09,0.04484900087118149,61872130
2026-05-10,0.04554799944162369,72608824
2026-05-11,0.04329700022935867,81585323
2026-05-12,0.044422999024391174,67273604
2026-05-13,0.04315200075507164,69089974
2026-05-14,0.04426100105047226,39837044
2026-05-15,0.045510001480579376,125802831
2026-05-16,0.04775400087237358,151936237
2026-05-17,0.04632300138473511,117155859
2026-05-18,0.048471998423337936,103532992
2026-05-19,0.047370001673698425,88461739
2026-05-20,0.04474100098013878,80224988
2026-05-21,0.043838001787662506,105866812
2026-05-22,0.04021399840712547,68439665
2026-05-23,0.03771800175309181,135054033
2026-05-24,0.0363989993929863,76214253
2026-05-25,0.03676600009202957,67971206
2026-05-26,0.036024998873472214,82470839
2026-05-27,0.0364920012652874,70505194
2026-05-28,0.034696001559495926,89942289
2026-05-29,0.033128999173641205,63830214
2026-05-30,0.0328029990196228,50119413
2026-05-31,0.03385100141167641,56648337
2026-06-01,0.03628399968147278,92975971
2026-06-02,0.032767001539468765,121295697
2026-06-03,0.03350599855184555,767389012
2026-06-04,0.026850000023841858,683805121
2026-06-05,0.02462100051343441,96663235
2026-06-06,0.025092000141739845,54197538
2026-06-07,0.025110999122262,53471800
2026-06-08,0.02632099948823452,79971022
2026-06-09,0.02892499975860119,141188707
2026-06-10,0.026646999642252922,105894258
2026-06-11,0.0280930008739233,115685837
2026-06-12,0.02594899944961071,69123888
2026-06-13,0.025675000622868538,48949143
2026-06-14,0.025722000747919083,56827535
2026-06-15,0.02520900033414364,63517967
2026-06-16,0.02439500018954277,68580779
2026-06-17,0.02406499907374382,52748591
2026-06-18,0.022288000211119652,61904467
2026-06-19,0.02163200080394745,56570455
2026-06-20,0.021717999130487442,36308647
2026-06-21,0.020639000460505486,32081922
2026-06-22,0.019977999851107597,42170904
2026-06-23,0.019507000222802162,42689962
2026-06-24,0.019063999876379967,52355075
2026-06-25,0.017920000478625298,42385263
2026-06-26,0.017945999279618263,38977949
2026-06-27,0.017632000148296356,26109852
2026-06-28,0.01744000054895878,26518696
2026-06-29,0.019037999212741852,48135168
2026-06-30,0.017833000048995018,65280318
2026-07-01,0.017743999138474464,41740867
2026-07-02,0.017921999096870422,35858699
2026-07-03,0.01858299970626831,33399121
2026-07-04,0.01843399927020073,24740942
2026-07-05,0.01850000023841858,22158853
2026-07-06,0.01809000037610531,32374832
2026-07-07,0.017240000888705254,30068234
2026-07-08,0.01703999936580658,35877077
2026-07-09,0.01689399965107441,30062264
2026-07-10,0.017038999125361443,25293041
2026-07-11,0.017209000885486603,34275234
2026-07-12,0.016899999231100082,21571298
2026-07-13,0.016374999657273293,23576512
2026-07-14,0.016746999695897102,23800968
2026-07-15,0.016706999391317368,27134546
2026-07-16,0.01670599915087223,37965533
2026-07-17,0.015985000878572464,32783981
2026-07-18,0.0157260000705719,23574545
2026-07-19,0.014840999618172646,29203637
2026-07-20,0.015100999735295773,46477858
2026-07-21,0.015193999744951725,22471823
2026-07-22,0.014925000257790089,27573173
2026-07-23,0.014520999975502491,21615030
2026-07-24,0.01411799993366003,22404449
2026-07-25,0.0142639996483922,16516168
2026-07-26,0.014213000424206257,16910928
2026-07-27,0.013135000132024288,28402816
2026-07-28,0.01360199972987175,26702550
2026-07-29,0.01297600008547306,28436602
2026-07-30,0.012829000130295753,22939376
2026-07-31,0.012908999808132648,19992818
2026-08-01,0.01260400004684925,20152526
2026-08-02,0.01285600010305643,14282878
2026-08-03,0.012803000397980213,17947362
2026-08-04,0.01282500009983778,21216177
2026-08-05,0.012803999707102776,17644988
2026-08-06,0.012799999676644802,20898294
2026-08-07,0.012881999835371971,15693505
2026-08-08,0.013500000350177288,27929865
2026-08-09,0.013086999766528606,16914489
2026-08-10,0.012950999662280083,18017443
2026-08-11,0.012684999965131283,15249336
2026-08-12,0.012295999564230442,16904364
2026-08-13,0.012408999726176262,12809221
2026-08-14,0.012552999891340733,14729687
2026-08-15,0.012488000094890594,12346103
2026-08-16,0.012191999703645706,9233205
2026-08-17,0.012152000330388546,15404934
2026-08-18,0.011903000064194202,15704008
2026-08-19,0.012738999910652637,24936742
2026-08-20,0.013195999898016453,27629439
2026-08-21,0.014364000409841537,44604438
2026-08-22,0.01435600034892559,46722423
2026-08-23,0.014804000034928322,29132270
2026-08-24,0.014368999749422073,29649924
2026-08-25,0.01396699994802475,23390366
2026-08-26,0.014368000440299511,19606191
2026-08-27,0.014399999752640724,21573256
